                  epoch,         train/box_loss,         train/cls_loss,         train/dfl_loss,   metrics/precision(B),      metrics/recall(B),       metrics/mAP50(B),    metrics/mAP50-95(B),           val/box_loss,           val/cls_loss,           val/dfl_loss,                 lr/pg0,                 lr/pg1,                 lr/pg2
                      1,                 1.9753,                  3.991,                 2.3411,                0.00319,                      1,                0.02452,                0.00682,                 1.9118,                 4.3122,                 2.3625,              1.667e-05,              1.667e-05,              1.667e-05
                      2,                 2.0877,                 3.8345,                 2.2161,                0.00318,                      1,                0.04889,                0.01502,                 1.7254,                 4.2229,                 2.2541,             4.9845e-05,             4.9845e-05,             4.9845e-05
                      3,                 1.7388,                 3.6427,                 1.9383,                0.00318,                      1,                0.08124,                0.03049,                 1.4164,                 4.1098,                 1.9724,               8.28e-05,               8.28e-05,               8.28e-05
                      4,                 1.5701,                 3.6459,                  1.803,                0.00317,                      1,                0.18475,                0.09357,                 1.3308,                 3.8145,                 1.6967,             0.00011553,             0.00011553,             0.00011553
                      5,                 1.2922,                  3.302,                 1.5628,                0.00319,                      1,                0.54472,                0.31316,                 1.2524,                  3.694,                 1.5661,             0.00014805,             0.00014805,             0.00014805
                      6,                 1.1953,                 2.9873,                 1.5088,                0.00321,                      1,                0.73439,                0.36743,                 1.1681,                 3.6822,                 1.4661,             0.00018034,             0.00018034,             0.00018034
                      7,                 1.2445,                 2.7455,                 1.4542,                0.00321,                      1,                 0.7575,                0.41362,                 1.2064,                 3.5793,                  1.474,             0.00021242,             0.00021242,             0.00021242
                      8,                 1.2765,                 2.6257,                 1.4918,                0.00318,                      1,                 0.6953,                0.38087,                  1.529,                 3.5088,                   1.68,             0.00024427,             0.00024427,             0.00024427
                      9,                  1.115,                 2.1812,                 1.2764,                0.00577,                      1,                0.80417,                0.44918,                 1.4915,                 3.5534,                 1.7428,             0.00027591,             0.00027591,             0.00027591
                     10,                 1.1058,                 2.0722,                 1.3362,                0.03641,                      1,                0.74564,                0.46616,                 1.4867,                 3.5005,                 1.6752,             0.00030732,             0.00030732,             0.00030732
                     11,                 1.1071,                 2.1095,                 1.2585,                0.00318,                      1,                0.82198,                0.45884,                 1.4427,                 3.3595,                 1.5581,             0.00033852,             0.00033852,             0.00033852
                     12,                  1.144,                 2.0389,                 1.2948,                 0.0032,                      1,                0.85056,                0.45506,                  1.472,                 3.2112,                 1.4453,             0.00036949,             0.00036949,             0.00036949
                     13,                 1.1347,                 2.0445,                 1.2702,                0.00325,                      1,                 0.9375,                0.54022,                  1.337,                 3.3475,                 1.3653,             0.00040025,             0.00040025,             0.00040025
                     14,                0.99577,                 1.7948,                 1.2182,                0.00327,                      1,                  0.945,                0.51245,                 1.5238,                 3.5042,                 1.5438,             0.00043078,             0.00043078,             0.00043078
                     15,                 1.2176,                 1.9494,                 1.3144,                0.00323,                      1,                0.53951,                0.29029,                 1.7356,                 3.7874,                 1.8715,              0.0004611,              0.0004611,              0.0004611
                     16,                 1.0984,                  1.797,                 1.2812,                0.00282,                    0.9,                0.56453,                0.28846,                  2.047,                 4.1144,                 2.1764,             0.00049119,             0.00049119,             0.00049119
                     17,                 1.1533,                 1.8702,                  1.253,                 0.0028,                    0.9,                0.77078,                0.39362,                 1.9892,                 3.8003,                 1.9917,             0.00052106,             0.00052106,             0.00052106
                     18,                 1.0778,                 1.7419,                 1.1545,                0.00317,                      1,                  0.995,                  0.501,                 1.7342,                 3.4783,                 1.7345,             0.00055072,             0.00055072,             0.00055072
                     19,                 1.0219,                 1.6119,                 1.1428,                0.88218,                    0.5,                  0.995,                0.65276,                 1.3877,                  3.167,                 1.4299,             0.00058015,             0.00058015,             0.00058015
                     20,                0.90101,                 1.6008,                 1.0908,                0.98022,                    0.5,                0.94643,                0.65963,                 1.2606,                 2.9495,                 1.3617,             0.00060937,             0.00060937,             0.00060937
                     21,                0.92463,                 1.6258,                 1.2157,                0.98401,                    0.5,                0.94643,                 0.5999,                 1.3932,                 2.8398,                 1.4647,             0.00063836,             0.00063836,             0.00063836
                     22,                0.95771,                  1.627,                 1.1664,                0.84758,                    0.5,                  0.945,                0.56605,                 1.4723,                 2.7425,                 1.5168,             0.00066714,             0.00066714,             0.00066714
                     23,                 1.0188,                  1.862,                 1.2247,                0.85233,                    0.5,                0.93786,                0.58857,                  1.553,                 2.8684,                 1.5882,             0.00069569,             0.00069569,             0.00069569
                     24,                0.99173,                 1.4661,                 1.1459,                0.84664,                0.72641,                  0.995,                0.59075,                  1.474,                 2.7307,                 1.5487,             0.00072402,             0.00072402,             0.00072402
                     25,                0.96864,                 1.4562,                 1.0877,                0.80949,                    0.5,                0.97833,                0.67862,                 1.2584,                 2.6536,                 1.2896,             0.00075214,             0.00075214,             0.00075214
                     26,                 1.1046,                 1.4714,                  1.194,                0.72706,                    0.6,                0.76071,                0.47758,                 1.6386,                 3.0403,                 1.5996,             0.00078003,             0.00078003,             0.00078003
                     27,                 1.0264,                  1.423,                 1.1096,                 0.9407,                    0.5,                0.65952,                0.36996,                 2.0853,                 3.4448,                 2.0126,              0.0008077,              0.0008077,              0.0008077
                     28,                  1.076,                 1.5726,                 1.1721,                 0.9407,                    0.5,                0.65952,                0.36996,                 2.0853,                 3.4448,                 2.0126,             0.00083516,             0.00083516,             0.00083516
                     29,                0.85525,                 1.2872,                 1.0298,                0.64672,                    0.6,                 0.6871,                0.45483,                 1.8815,                 2.9525,                 2.0074,             0.00086239,             0.00086239,             0.00086239
                     30,                0.91695,                 1.3891,                 1.0482,                0.72965,                0.75365,                0.83437,                0.51472,                 1.5917,                 2.5909,                 1.7159,             0.00088941,             0.00088941,             0.00088941
                     31,                0.90481,                 1.2578,                 1.0827,                0.72965,                0.75365,                0.83437,                0.51472,                 1.5917,                 2.5909,                 1.7159,              0.0009162,              0.0009162,              0.0009162
                     32,                 1.0004,                 1.4043,                 1.1967,                0.84596,                0.96985,                0.85286,                0.51787,                 1.6469,                 2.7057,                 1.7033,             0.00094277,             0.00094277,             0.00094277
                     33,                 1.1046,                 1.6445,                 1.1924,                0.79123,                0.97879,                0.84562,                0.62896,                 1.3158,                 2.3391,                  1.416,             0.00096913,             0.00096913,             0.00096913
                     34,                0.78264,                 1.4143,                 1.0889,                0.79123,                0.97879,                0.84562,                0.62896,                 1.3158,                 2.3391,                  1.416,             0.00099526,             0.00099526,             0.00099526
                     35,                 1.0474,                 1.6802,                 1.1828,                 0.9587,                0.89281,                0.97833,                0.70274,                 1.2351,                 1.8832,                 1.3337,              0.0010212,              0.0010212,              0.0010212
                     36,                  0.945,                 1.4389,                 1.1276,                0.92135,                    0.8,                0.91722,                0.63588,                 1.1789,                 1.9533,                 1.2427,              0.0010469,              0.0010469,              0.0010469
                     37,                0.85932,                 1.5348,                 1.1004,                0.92135,                    0.8,                0.91722,                0.63588,                 1.1789,                 1.9533,                 1.2427,              0.0010723,              0.0010723,              0.0010723
                     38,                0.93931,                 1.3892,                 1.0797,                0.68314,                    0.7,                0.79667,                0.57144,                 1.1644,                 2.1628,                 1.2478,              0.0010976,              0.0010976,              0.0010976
                     39,                 1.0188,                 1.5748,                 1.2268,                0.98204,                0.89362,                0.93346,                0.73654,                 1.0359,                 1.9155,                 1.1729,              0.0011226,              0.0011226,              0.0011226
                     40,                0.89918,                  1.426,                 1.1009,                0.98204,                0.89362,                0.93346,                0.73654,                 1.0359,                 1.9155,                 1.1729,              0.0011474,              0.0011474,              0.0011474
                     41,                 1.0024,                 1.5435,                 1.2032,                0.98707,                0.96626,                  0.995,                0.72523,                 1.1752,                 1.8465,                 1.2375,               0.001172,               0.001172,               0.001172
                     42,                0.95719,                 1.3822,                 1.1238,                0.92883,                 0.9797,                  0.995,                0.71456,                 1.2217,                 2.0387,                 1.5488,              0.0011964,              0.0011964,              0.0011964
                     43,                 1.0063,                 1.3949,                 1.2609,                0.92883,                 0.9797,                  0.995,                0.71456,                 1.2217,                 2.0387,                 1.5488,              0.0012206,              0.0012206,              0.0012206
                     44,                0.98777,                  1.381,                 1.1688,                0.93567,                0.87955,                 0.9575,                0.69986,                 1.1937,                 2.0734,                 1.5241,              0.0012445,              0.0012445,              0.0012445
                     45,                0.98445,                 1.4054,                  1.204,                0.93567,                0.87955,                 0.9575,                0.69986,                 1.1937,                 2.0734,                 1.5241,              0.0012682,              0.0012682,              0.0012682
                     46,                0.87707,                 1.2793,                 1.0428,                 0.9546,                    0.9,                0.95056,                0.56865,                 1.4441,                 2.2553,                 1.5407,              0.0012917,              0.0012917,              0.0012917
                     47,                0.99605,                  1.466,                 1.1836,                 0.9546,                    0.9,                0.95056,                0.56865,                 1.4441,                 2.2553,                 1.5407,               0.001315,               0.001315,               0.001315
                     48,                0.95184,                 1.5276,                  1.196,                0.78834,                      1,                0.96167,                0.48982,                 1.4694,                 2.2917,                 1.5756,               0.001338,               0.001338,               0.001338
                     49,                0.95919,                 1.3662,                 1.0947,                0.78834,                      1,                0.96167,                0.48982,                 1.4694,                 2.2917,                 1.5756,              0.0013609,              0.0013609,              0.0013609
                     50,                0.85117,                 1.4858,                 1.1189,                0.76175,                0.95245,                0.82917,                0.39117,                 1.5491,                 2.6782,                 1.6751,              0.0013835,              0.0013835,              0.0013835
                     51,                 1.0311,                 1.4056,                 1.2163,                0.76175,                0.95245,                0.82917,                0.39117,                 1.5491,                 2.6782,                 1.6751,              0.0013919,              0.0013919,              0.0013919
                     52,                0.87868,                 1.5038,                 1.1733,                0.58542,                0.78993,                0.77417,                0.32983,                 1.4742,                  3.262,                 1.8084,              0.0013919,              0.0013919,              0.0013919
                     53,                 1.0113,                 1.4311,                 1.2076,                0.58542,                0.78993,                0.77417,                0.32983,                 1.4742,                  3.262,                 1.8084,              0.0013864,              0.0013864,              0.0013864
                     54,                0.89277,                 1.3341,                 1.1105,                  0.735,                    0.5,                 0.6581,                0.28026,                 1.3512,                 3.8534,                 1.5455,              0.0013809,              0.0013809,              0.0013809
                     55,                0.90267,                 1.4445,                 1.1754,                  0.735,                    0.5,                 0.6581,                0.28026,                 1.3512,                 3.8534,                 1.5455,              0.0013754,              0.0013754,              0.0013754
                     56,                0.90538,                 1.3065,                 1.1878,                 0.7978,                    0.5,                0.59327,                0.26405,                 1.6052,                 4.5585,                 1.8505,              0.0013699,              0.0013699,              0.0013699
                     57,                0.77933,                 1.2085,                 1.0613,                 0.7978,                    0.5,                0.59327,                0.26405,                 1.6052,                 4.5585,                 1.8505,              0.0013644,              0.0013644,              0.0013644
                     58,                0.80747,                 1.1986,                 1.1216,                      1,                0.45818,                0.72833,                0.44752,                 1.4124,                 4.4625,                 2.1322,              0.0013589,              0.0013589,              0.0013589
                     59,                0.95307,                 1.3932,                 1.1853,                      1,                0.45818,                0.72833,                0.44752,                 1.4124,                 4.4625,                 2.1322,              0.0013534,              0.0013534,              0.0013534
                     60,                0.85979,                 1.2364,                 1.0947,                0.82055,                    0.5,                0.63667,                0.41601,                  1.603,                 3.5324,                 1.8212,              0.0013479,              0.0013479,              0.0013479
                     61,                 0.8189,                 1.1876,                  1.035,                0.82055,                    0.5,                0.63667,                0.41601,                  1.603,                 3.5324,                 1.8212,              0.0013424,              0.0013424,              0.0013424
                     62,                0.85318,                 1.2423,                 1.0851,                0.64421,                  0.635,                0.69167,                 0.5099,                 1.2051,                  3.021,                 1.3072,              0.0013369,              0.0013369,              0.0013369
                     63,                0.82347,                 1.3376,                 1.1266,                0.64421,                  0.635,                0.69167,                 0.5099,                 1.2051,                  3.021,                 1.3072,              0.0013314,              0.0013314,              0.0013314
                     64,                 1.1522,                 1.6165,                 1.3488,                0.64669,                0.68869,                 0.8431,                0.59855,                  1.025,                 2.6637,                 1.2336,              0.0013259,              0.0013259,              0.0013259
                     65,                0.89734,                 1.3043,                 1.1501,                0.64669,                0.68869,                 0.8431,                0.59855,                  1.025,                 2.6637,                 1.2336,              0.0013204,              0.0013204,              0.0013204
                     66,                0.88743,                 1.3038,                 1.1639,                0.69777,                    0.9,                0.79273,                0.53811,                 1.5181,                 2.3936,                 1.6848,              0.0013149,              0.0013149,              0.0013149
                     67,                0.77873,                 1.2724,                  1.082,                0.69777,                    0.9,                0.79273,                0.53811,                 1.5181,                 2.3936,                 1.6848,              0.0013094,              0.0013094,              0.0013094
                     68,                0.83948,                 1.1403,                  1.085,                 0.8068,                   0.65,                0.75278,                0.43454,                 1.6045,                  2.575,                 1.9514,              0.0013039,              0.0013039,              0.0013039
                     69,                0.92579,                 1.2131,                 1.1489,                 0.8068,                   0.65,                0.75278,                0.43454,                 1.6045,                  2.575,                 1.9514,              0.0012984,              0.0012984,              0.0012984
                     70,                0.86653,                 1.1946,                 1.0846,                0.42467,                   0.65,                0.50333,                 0.2313,                 1.6625,                  2.944,                 1.8196,              0.0012929,              0.0012929,              0.0012929
                     71,                0.76204,                 1.1913,                 1.0556,                0.42467,                   0.65,                0.50333,                 0.2313,                 1.6625,                  2.944,                 1.8196,              0.0012874,              0.0012874,              0.0012874
                     72,                0.85694,                 1.2341,                  1.094,                0.36238,                   0.75,                0.50652,                0.22747,                 1.3799,                   2.52,                 1.6123,              0.0012819,              0.0012819,              0.0012819
                     73,                0.84566,                 1.1769,                 1.0658,                0.36238,                   0.75,                0.50652,                0.22747,                 1.3799,                   2.52,                 1.6123,              0.0012764,              0.0012764,              0.0012764
                     74,                0.95777,                 1.3072,                 1.1659,                0.79418,                   0.75,                0.77379,                0.52252,                 1.0638,                 1.9625,                 1.2072,              0.0012709,              0.0012709,              0.0012709
                     75,                0.79865,                 1.0602,                 1.0474,                0.79418,                   0.75,                0.77379,                0.52252,                 1.0638,                 1.9625,                 1.2072,              0.0012654,              0.0012654,              0.0012654
                     76,                0.84255,                 1.1593,                 1.0786,                0.93373,                0.96287,                  0.995,                0.72667,                 1.1162,                 1.7166,                 1.2494,              0.0012599,              0.0012599,              0.0012599
                     77,                0.80572,                 1.1693,                 1.0645,                0.93373,                0.96287,                  0.995,                0.72667,                 1.1162,                 1.7166,                 1.2494,              0.0012544,              0.0012544,              0.0012544
                     78,                0.90971,                 1.2114,                 1.1135,                0.55516,                      1,                0.85452,                0.62839,                0.99686,                 1.7013,                 1.2255,              0.0012489,              0.0012489,              0.0012489
                     79,                0.99344,                 1.2235,                 1.2144,                0.55516,                      1,                0.85452,                0.62839,                0.99686,                 1.7013,                 1.2255,              0.0012434,              0.0012434,              0.0012434
                     80,                0.81075,                 1.1139,                 1.0835,                0.70985,                0.98266,                  0.995,                0.76659,                 0.8779,                 1.5748,                 1.1152,              0.0012379,              0.0012379,              0.0012379
                     81,                0.79918,                 1.0966,                 1.0701,                0.70985,                0.98266,                  0.995,                0.76659,                 0.8779,                 1.5748,                 1.1152,              0.0012324,              0.0012324,              0.0012324
                     82,                 0.8378,                 1.0371,                 1.0806,                0.76375,                0.91089,                  0.995,                0.72644,                0.88771,                 1.6155,                  1.137,              0.0012269,              0.0012269,              0.0012269
                     83,                0.88149,                 1.1793,                 1.1396,                0.76375,                0.91089,                  0.995,                0.72644,                0.88771,                 1.6155,                  1.137,              0.0012214,              0.0012214,              0.0012214
                     84,                0.79636,                 1.0626,                 1.0979,                0.62682,                0.87693,                0.97833,                0.67067,                 1.0046,                 2.0388,                 1.2289,              0.0012159,              0.0012159,              0.0012159
                     85,                0.84636,                 1.0567,                 1.0714,                0.62682,                0.87693,                0.97833,                0.67067,                 1.0046,                 2.0388,                 1.2289,              0.0012104,              0.0012104,              0.0012104
                     86,                0.83243,                  1.126,                  1.067,                0.60993,                0.83889,                  0.995,                0.77636,                 1.0479,                 2.2052,                 1.2887,              0.0012049,              0.0012049,              0.0012049
                     87,                0.70667,                 1.0541,                 1.0517,                0.60993,                0.83889,                  0.995,                0.77636,                 1.0479,                 2.2052,                 1.2887,              0.0011994,              0.0011994,              0.0011994
                     88,                0.78643,                 1.2118,                 1.0963,                0.63934,                      1,                  0.995,                0.69627,                 1.2245,                 1.6426,                  1.378,              0.0011939,              0.0011939,              0.0011939
                     89,                0.84089,                 1.1803,                 1.0698,                0.63934,                      1,                  0.995,                0.69627,                 1.2245,                 1.6426,                  1.378,              0.0011884,              0.0011884,              0.0011884
                     90,                0.80728,                 1.2298,                 1.0664,                0.76295,                      1,                  0.995,                0.74275,                 1.1667,                 1.3914,                 1.3184,              0.0011829,              0.0011829,              0.0011829
                     91,                0.78742,                 1.1142,                 1.0847,                0.76295,                      1,                  0.995,                0.74275,                 1.1667,                 1.3914,                 1.3184,              0.0011774,              0.0011774,              0.0011774
                     92,                0.75703,                0.95943,                 1.0047,                0.72793,                      1,                  0.995,                0.74485,                 1.1121,                 1.3262,                 1.1795,              0.0011719,              0.0011719,              0.0011719
                     93,                0.67615,                0.98401,                0.95184,                0.72793,                      1,                  0.995,                0.74485,                 1.1121,                 1.3262,                 1.1795,              0.0011664,              0.0011664,              0.0011664
                     94,                0.76166,                0.96802,                 1.0053,                0.79763,                      1,                  0.995,                0.75284,                 1.0813,                 1.2095,                  1.176,              0.0011609,              0.0011609,              0.0011609
                     95,                0.78827,                  1.058,                 1.0735,                0.79763,                      1,                  0.995,                0.75284,                 1.0813,                 1.2095,                  1.176,              0.0011554,              0.0011554,              0.0011554
                     96,                0.75026,                 1.0085,                 1.0003,                0.94134,                      1,                  0.995,                0.74331,                  1.026,                  1.242,                 1.1664,              0.0011499,              0.0011499,              0.0011499
                     97,                0.70458,                0.91004,                0.93188,                0.94134,                      1,                  0.995,                0.74331,                  1.026,                  1.242,                 1.1664,              0.0011444,              0.0011444,              0.0011444
                     98,                 0.7778,                0.97457,                 1.0569,                 0.9408,                      1,                  0.995,                0.76839,                0.92339,                 1.2204,                 1.1124,              0.0011389,              0.0011389,              0.0011389
                     99,                0.86988,                 1.0853,                 1.1671,                 0.9408,                      1,                  0.995,                0.76839,                0.92339,                 1.2204,                 1.1124,              0.0011334,              0.0011334,              0.0011334
                    100,                0.77278,                0.94047,                 1.0401,                0.95735,                      1,                  0.995,                0.82133,                0.85052,                 1.0767,                 1.0873,              0.0011279,              0.0011279,              0.0011279
                    101,                0.80964,                 1.0569,                 1.0371,                0.95735,                      1,                  0.995,                0.82133,                0.85052,                 1.0767,                 1.0873,              0.0011224,              0.0011224,              0.0011224
                    102,                0.72766,                0.87572,                0.97826,                0.95998,                      1,                  0.995,                0.85786,                0.86887,                 1.0727,                  1.066,              0.0011169,              0.0011169,              0.0011169
                    103,                0.70114,                0.81157,                0.95817,                0.95998,                      1,                  0.995,                0.85786,                0.86887,                 1.0727,                  1.066,              0.0011114,              0.0011114,              0.0011114
                    104,                0.67342,                0.87628,                0.97171,                0.89917,                      1,                  0.995,                0.80083,                0.94674,                 1.1218,                 1.1527,              0.0011059,              0.0011059,              0.0011059
                    105,                0.76833,                0.90013,                 1.0863,                0.89917,                      1,                  0.995,                0.80083,                0.94674,                 1.1218,                 1.1527,              0.0011004,              0.0011004,              0.0011004
                    106,                 0.6715,                0.87687,                 0.9943,                0.98382,                0.81598,                  0.995,                0.79336,                0.94635,                 1.2993,                 1.0936,              0.0010949,              0.0010949,              0.0010949
                    107,                0.74064,                 1.0559,                 1.0345,                0.98382,                0.81598,                  0.995,                0.79336,                0.94635,                 1.2993,                 1.0936,              0.0010894,              0.0010894,              0.0010894
                    108,                 0.7648,                0.96785,                 1.0935,                0.97327,                0.82915,                  0.995,                0.79583,                0.95177,                 1.4706,                 1.0801,              0.0010839,              0.0010839,              0.0010839
                    109,                0.78868,                0.93136,                 1.0972,                0.97327,                0.82915,                  0.995,                0.79583,                0.95177,                 1.4706,                 1.0801,              0.0010784,              0.0010784,              0.0010784
                    110,                0.67725,                0.81732,                 1.0304,                0.97593,                 0.8346,                  0.995,                0.83006,                0.84864,                 1.5061,                 1.0167,              0.0010729,              0.0010729,              0.0010729
                    111,                0.75573,                0.88091,                 1.0064,                0.97593,                 0.8346,                  0.995,                0.83006,                0.84864,                 1.5061,                 1.0167,              0.0010674,              0.0010674,              0.0010674
                    112,                0.73298,                0.94683,                 1.0155,                0.97363,                0.81756,                  0.995,                  0.863,                0.81402,                 1.4496,                 1.0232,              0.0010619,              0.0010619,              0.0010619
                    113,                0.66821,                0.84736,                0.99922,                0.97363,                0.81756,                  0.995,                  0.863,                0.81402,                 1.4496,                 1.0232,              0.0010564,              0.0010564,              0.0010564
                    114,                0.71229,                0.85933,                 1.0106,                0.79055,                0.89225,                  0.995,                0.83801,                0.84876,                  1.487,                 1.0575,              0.0010509,              0.0010509,              0.0010509
                    115,                0.70805,                0.90444,                 1.0385,                0.79055,                0.89225,                  0.995,                0.83801,                0.84876,                  1.487,                 1.0575,              0.0010454,              0.0010454,              0.0010454
                    116,                0.71245,                 0.8601,                 1.0404,                0.75588,                0.79245,                  0.995,                0.87643,                0.90416,                 1.5445,                 1.0808,              0.0010399,              0.0010399,              0.0010399
                    117,                0.76519,                0.91068,                 1.0492,                0.75588,                0.79245,                  0.995,                0.87643,                0.90416,                 1.5445,                 1.0808,              0.0010344,              0.0010344,              0.0010344
                    118,                0.72831,                0.92869,                 1.0084,                0.75818,                0.82508,                  0.995,                0.79995,                0.98998,                 1.4364,                 1.1392,              0.0010289,              0.0010289,              0.0010289
                    119,                0.82936,                0.92494,                 1.1169,                0.75818,                0.82508,                  0.995,                0.79995,                0.98998,                 1.4364,                 1.1392,              0.0010234,              0.0010234,              0.0010234
                    120,                0.83509,                0.93497,                 1.0812,                0.89232,                0.85534,                  0.995,                0.80577,                 1.0162,                 1.1564,                 1.1107,              0.0010179,              0.0010179,              0.0010179
                    121,                0.80791,                0.84282,                 1.1061,                0.89232,                0.85534,                  0.995,                0.80577,                 1.0162,                 1.1564,                 1.1107,              0.0010124,              0.0010124,              0.0010124
                    122,                0.76978,                0.95211,                 1.0583,                0.94067,                0.90832,                  0.995,                0.84558,                0.84244,                 1.0229,                 1.0199,              0.0010069,              0.0010069,              0.0010069
                    123,                0.66417,                0.77676,                0.99408,                0.94067,                0.90832,                  0.995,                0.84558,                0.84244,                 1.0229,                 1.0199,              0.0010014,              0.0010014,              0.0010014
                    124,                0.74473,                 0.8923,                 1.0708,                0.94431,                0.90998,                  0.995,                0.84797,                0.75949,                0.94146,                0.99419,             0.00099587,             0.00099587,             0.00099587
                    125,                0.70861,                0.83386,                 1.0032,                0.94431,                0.90998,                  0.995,                0.84797,                0.75949,                0.94146,                0.99419,             0.00099036,             0.00099036,             0.00099036
                    126,                0.77425,                0.89259,                 1.0594,                0.92764,                 0.9374,                  0.995,                0.83547,                0.83137,                 0.8405,                 1.0187,             0.00098486,             0.00098486,             0.00098486
                    127,                0.68193,                0.78288,                0.98459,                0.92764,                 0.9374,                  0.995,                0.83547,                0.83137,                 0.8405,                 1.0187,             0.00097936,             0.00097936,             0.00097936
                    128,                0.81264,                0.83973,                 1.0598,                0.90881,                0.99015,                  0.995,                0.83146,                0.84299,                0.81193,                 1.0315,             0.00097386,             0.00097386,             0.00097386
                    129,                0.71721,                 0.8703,                 1.0262,                0.90881,                0.99015,                  0.995,                0.83146,                0.84299,                0.81193,                 1.0315,             0.00096836,             0.00096836,             0.00096836
                    130,                0.73076,                0.80023,                 1.0125,                  0.917,                 0.9927,                  0.995,                0.84816,                0.77131,                 0.7751,                 1.0005,             0.00096286,             0.00096286,             0.00096286
                    131,                0.68327,                0.82919,                 1.0542,                  0.917,                 0.9927,                  0.995,                0.84816,                0.77131,                 0.7751,                 1.0005,             0.00095736,             0.00095736,             0.00095736
                    132,                0.63927,                0.81935,                0.98095,                0.92919,                0.99274,                  0.995,                0.85793,                 0.7704,                0.81147,                0.97748,             0.00095186,             0.00095186,             0.00095186
                    133,                0.67618,                0.89478,                 1.0123,                0.92919,                0.99274,                  0.995,                0.85793,                 0.7704,                0.81147,                0.97748,             0.00094636,             0.00094636,             0.00094636
                    134,                 0.6853,                0.81821,                 1.0046,                0.93958,                0.99263,                  0.995,                0.84066,                0.79151,                0.76858,                 0.9651,             0.00094085,             0.00094085,             0.00094085
                    135,                0.69297,                0.80676,                 1.0463,                0.93958,                0.99263,                  0.995,                0.84066,                0.79151,                0.76858,                 0.9651,             0.00093535,             0.00093535,             0.00093535
                    136,                 0.6658,                0.78521,                 1.0117,                0.95602,                0.99926,                  0.995,                0.83569,                0.76123,                0.76855,                0.94272,             0.00092985,             0.00092985,             0.00092985
                    137,                0.62055,                0.76651,                0.97708,                0.95602,                0.99926,                  0.995,                0.83569,                0.76123,                0.76855,                0.94272,             0.00092435,             0.00092435,             0.00092435
                    138,                0.66735,                0.77076,                 1.0207,                0.95749,                0.99781,                  0.995,                0.80571,                0.75512,                0.77777,                0.97098,             0.00091885,             0.00091885,             0.00091885
                    139,                0.65356,                0.77532,                  1.016,                0.95749,                0.99781,                  0.995,                0.80571,                0.75512,                0.77777,                0.97098,             0.00091335,             0.00091335,             0.00091335
                    140,                0.68006,                0.84032,                 1.0474,                 0.9592,                0.99726,                  0.995,                 0.7882,                  0.757,                0.76893,                 1.0074,             0.00090785,             0.00090785,             0.00090785
                    141,                0.66983,                0.74712,                0.97698,                 0.9592,                0.99726,                  0.995,                 0.7882,                  0.757,                0.76893,                 1.0074,             0.00090235,             0.00090235,             0.00090235
                    142,                0.71099,                0.79062,                 1.0173,                0.97077,                 0.9737,                  0.995,                0.83564,                0.71223,                0.75589,                 1.0082,             0.00089685,             0.00089685,             0.00089685
                    143,                0.72296,                 0.8168,                 1.0103,                0.97077,                 0.9737,                  0.995,                0.83564,                0.71223,                0.75589,                 1.0082,             0.00089134,             0.00089134,             0.00089134
                    144,                0.58739,                0.73774,                0.94151,                0.95666,                0.98167,                  0.995,                 0.8943,                0.67237,                0.82902,                0.98541,             0.00088584,             0.00088584,             0.00088584
                    145,                0.63122,                0.72751,                0.97202,                0.95666,                0.98167,                  0.995,                 0.8943,                0.67237,                0.82902,                0.98541,             0.00088034,             0.00088034,             0.00088034
                    146,                0.57078,                0.73585,                0.95922,                0.89228,                0.92957,                  0.995,                0.90031,                0.69938,                0.96356,                 1.0064,             0.00087484,             0.00087484,             0.00087484
                    147,                0.64203,                0.83179,                0.99941,                0.89228,                0.92957,                  0.995,                0.90031,                0.69938,                0.96356,                 1.0064,             0.00086934,             0.00086934,             0.00086934
                    148,                 0.7621,                0.89754,                 1.1287,                0.95658,                0.94315,                  0.995,                0.83468,                0.76204,                 1.1099,                 1.0169,             0.00086384,             0.00086384,             0.00086384
                    149,                 0.6777,                0.84971,                 1.0738,                0.95658,                0.94315,                  0.995,                0.83468,                0.76204,                 1.1099,                 1.0169,             0.00085834,             0.00085834,             0.00085834
                    150,                0.62021,                0.69969,                0.97049,                0.96373,                0.98678,                  0.995,                0.81072,                0.81641,                0.96226,                 1.0531,             0.00085284,             0.00085284,             0.00085284
                    151,                 0.6687,                0.74505,                0.97555,                0.96373,                0.98678,                  0.995,                0.81072,                0.81641,                0.96226,                 1.0531,             0.00084734,             0.00084734,             0.00084734
                    152,                0.72895,                0.76717,                 1.0468,                0.97714,                      1,                  0.995,                0.82361,                0.84318,                0.81467,                 1.0859,             0.00084184,             0.00084184,             0.00084184
                    153,                0.62679,                0.71867,                 1.0011,                0.97714,                      1,                  0.995,                0.82361,                0.84318,                0.81467,                 1.0859,             0.00083633,             0.00083633,             0.00083633
                    154,                0.67991,                 0.6995,                0.96869,                0.98568,                      1,                  0.995,                0.82431,                0.83351,                0.75102,                 1.1244,             0.00083083,             0.00083083,             0.00083083
                    155,                0.58495,                0.63198,                 0.9421,                0.98568,                      1,                  0.995,                0.82431,                0.83351,                0.75102,                 1.1244,             0.00082533,             0.00082533,             0.00082533
                    156,                0.62898,                0.66415,                0.98262,                0.98859,                0.99793,                  0.995,                0.83636,                0.77442,                0.77056,                 1.0568,             0.00081983,             0.00081983,             0.00081983
                    157,                0.67802,                0.75572,                 1.0316,                0.98859,                0.99793,                  0.995,                0.83636,                0.77442,                0.77056,                 1.0568,             0.00081433,             0.00081433,             0.00081433
                    158,                0.68087,                0.66591,                0.98356,                0.95692,                0.98733,                  0.995,                0.85597,                0.69738,                0.79639,                0.99363,             0.00080883,             0.00080883,             0.00080883
                    159,                0.68169,                0.79245,                 1.0127,                0.95692,                0.98733,                  0.995,                0.85597,                0.69738,                0.79639,                0.99363,             0.00080333,             0.00080333,             0.00080333
                    160,                0.60712,                0.68873,                 0.9558,                 0.9431,                0.98701,                  0.995,                0.85597,                 0.6879,                0.81574,                 0.9744,             0.00079783,             0.00079783,             0.00079783
                    161,                  0.565,                0.66711,                0.96753,                 0.9431,                0.98701,                  0.995,                0.85597,                 0.6879,                0.81574,                 0.9744,             0.00079233,             0.00079233,             0.00079233
                    162,                0.58876,                0.79659,                0.99282,                0.92808,                0.98725,                  0.995,                0.84359,                0.64211,                0.82524,                0.96654,             0.00078682,             0.00078682,             0.00078682
                    163,                0.72654,                0.82605,                 1.0064,                0.92808,                0.98725,                  0.995,                0.84359,                0.64211,                0.82524,                0.96654,             0.00078132,             0.00078132,             0.00078132
                    164,                0.66018,                0.71153,                 1.0181,                0.91647,                0.98535,                  0.995,                0.85925,                 0.6757,                0.85208,                0.98984,             0.00077582,             0.00077582,             0.00077582
                    165,                0.62361,                0.65565,                0.95039,                0.91647,                0.98535,                  0.995,                0.85925,                 0.6757,                0.85208,                0.98984,             0.00077032,             0.00077032,             0.00077032
                    166,                0.67108,                0.72388,                0.99277,                0.89193,                 0.9744,                  0.995,                0.90654,                0.65664,                0.88143,                0.98919,             0.00076482,             0.00076482,             0.00076482
                    167,                0.63675,                0.65985,                0.93886,                0.89193,                 0.9744,                  0.995,                0.90654,                0.65664,                0.88143,                0.98919,             0.00075932,             0.00075932,             0.00075932
                    168,                0.60232,                0.69075,                0.94491,                0.83428,                0.91284,                  0.995,                0.87887,                0.66276,                 1.0043,                0.99272,             0.00075382,             0.00075382,             0.00075382
                    169,                 0.6385,                0.67609,                0.96913,                0.83428,                0.91284,                  0.995,                0.87887,                0.66276,                 1.0043,                0.99272,             0.00074832,             0.00074832,             0.00074832
                    170,                0.59566,                0.61538,                0.96764,                0.79524,                    0.9,                0.97833,                0.80386,                0.68021,                0.98566,                 1.0021,             0.00074282,             0.00074282,             0.00074282
                    171,                0.65264,                0.67786,                0.95891,                0.79524,                    0.9,                0.97833,                0.80386,                0.68021,                0.98566,                 1.0021,             0.00073731,             0.00073731,             0.00073731
                    172,                0.54667,                0.60123,                0.94068,                 0.7782,                0.89146,                0.97833,                0.81801,                0.71227,                 1.0183,                 1.0297,             0.00073181,             0.00073181,             0.00073181
                    173,                0.55182,                0.60241,                0.91938,                 0.7782,                0.89146,                0.97833,                0.81801,                0.71227,                 1.0183,                 1.0297,             0.00072631,             0.00072631,             0.00072631
                    174,                0.52078,                0.60384,                0.91599,                0.81211,                0.88132,                  0.995,                0.81061,                0.74809,                0.89993,                 1.0334,             0.00072081,             0.00072081,             0.00072081
                    175,                0.55955,                0.59428,                0.90932,                0.81211,                0.88132,                  0.995,                0.81061,                0.74809,                0.89993,                 1.0334,             0.00071531,             0.00071531,             0.00071531
                    176,                0.56667,                0.66283,                0.95129,                0.95604,                0.90824,                  0.995,                0.80704,                0.80249,                 0.7689,                  1.055,             0.00070981,             0.00070981,             0.00070981
                    177,                0.59946,                0.67028,                0.97153,                0.95604,                0.90824,                  0.995,                0.80704,                0.80249,                 0.7689,                  1.055,             0.00070431,             0.00070431,             0.00070431
                    178,                0.65176,                0.75478,                0.99025,                0.91969,                0.98892,                  0.995,                0.80703,                 0.8146,                0.70791,                 1.0601,             0.00069881,             0.00069881,             0.00069881
                    179,                0.62602,                 0.6074,                0.97739,                0.91969,                0.98892,                  0.995,                0.80703,                 0.8146,                0.70791,                 1.0601,             0.00069331,             0.00069331,             0.00069331
                    180,                0.64765,                0.65909,                0.95991,                0.96426,                0.99918,                  0.995,                0.81718,                0.83085,                0.72014,                   1.07,              0.0006878,              0.0006878,              0.0006878
                    181,                0.54746,                0.59268,                 0.9132,                0.96426,                0.99918,                  0.995,                0.81718,                0.83085,                0.72014,                   1.07,              0.0006823,              0.0006823,              0.0006823
                    182,                0.56206,                0.61586,                0.97757,                0.98791,                      1,                  0.995,                0.84264,                0.83481,                0.71575,                 1.0717,              0.0006768,              0.0006768,              0.0006768
                    183,                0.59419,                0.68715,                0.99635,                0.98791,                      1,                  0.995,                0.84264,                0.83481,                0.71575,                 1.0717,              0.0006713,              0.0006713,              0.0006713
                    184,                0.53378,                0.64199,                 0.9209,                0.98131,                      1,                  0.995,                0.83647,                 0.7629,                0.70321,                 1.0615,              0.0006658,              0.0006658,              0.0006658
                    185,                 0.5313,                0.62786,                0.91897,                0.98131,                      1,                  0.995,                0.83647,                 0.7629,                0.70321,                 1.0615,              0.0006603,              0.0006603,              0.0006603
                    186,                0.51365,                0.65031,                0.95573,                0.98092,                      1,                  0.995,                0.87001,                0.77327,                0.65315,                 1.0495,              0.0006548,              0.0006548,              0.0006548
                    187,                0.59646,                  0.684,                 1.0091,                0.98092,                      1,                  0.995,                0.87001,                0.77327,                0.65315,                 1.0495,              0.0006493,              0.0006493,              0.0006493
                    188,                0.53212,                 0.5959,                0.91313,                0.98468,                      1,                  0.995,                0.87033,                 0.7372,                0.65011,                 1.0058,              0.0006438,              0.0006438,              0.0006438
                    189,                0.53634,                0.61174,                0.92098,                0.98468,                      1,                  0.995,                0.87033,                 0.7372,                0.65011,                 1.0058,             0.00063829,             0.00063829,             0.00063829
                    190,                 0.5724,                0.60846,                0.94829,                0.98479,                      1,                  0.995,                0.85336,                0.68974,                0.64156,                0.97932,             0.00063279,             0.00063279,             0.00063279
                    191,                0.52905,                0.58437,                0.92878,                0.98479,                      1,                  0.995,                0.85336,                0.68974,                0.64156,                0.97932,             0.00062729,             0.00062729,             0.00062729
                    192,                0.48375,                0.60233,                 0.9026,                0.97686,                      1,                  0.995,                  0.835,                0.74327,                0.63995,                 1.0296,             0.00062179,             0.00062179,             0.00062179
                    193,                0.57805,                0.60631,                0.94712,                0.97686,                      1,                  0.995,                  0.835,                0.74327,                0.63995,                 1.0296,             0.00061629,             0.00061629,             0.00061629
                    194,                0.56504,                 0.6283,                0.97938,                0.96696,                      1,                  0.995,                0.83591,                0.73883,                0.61002,                 1.0573,             0.00061079,             0.00061079,             0.00061079
                    195,                0.55305,                0.57499,                0.93823,                0.96696,                      1,                  0.995,                0.83591,                0.73883,                0.61002,                 1.0573,             0.00060529,             0.00060529,             0.00060529
                    196,                0.52963,                0.63061,                0.93529,                 0.9556,                      1,                  0.995,                0.84525,                0.67774,                 0.5899,                 1.0221,             0.00059979,             0.00059979,             0.00059979
                    197,                0.62887,                 0.7448,                0.97819,                 0.9556,                      1,                  0.995,                0.84525,                0.67774,                 0.5899,                 1.0221,             0.00059429,             0.00059429,             0.00059429
                    198,                0.48238,                0.58593,                0.90256,                0.94844,                0.99933,                  0.995,                0.88634,                0.63436,                0.53832,                0.99336,             0.00058878,             0.00058878,             0.00058878
                    199,                 0.5269,                0.56541,                0.95984,                0.94844,                0.99933,                  0.995,                0.88634,                0.63436,                0.53832,                0.99336,             0.00058328,             0.00058328,             0.00058328
                    200,                0.48233,                0.53604,                0.94355,                0.94033,                0.99572,                  0.995,                0.85836,                 0.6523,                0.56681,                0.98069,             0.00057778,             0.00057778,             0.00057778
                    201,                0.60518,                0.63699,                 1.0078,                0.94033,                0.99572,                  0.995,                0.85836,                 0.6523,                0.56681,                0.98069,             0.00057228,             0.00057228,             0.00057228
                    202,                0.50726,                0.55576,                0.91878,                0.93625,                0.99479,                  0.995,                0.85836,                0.67033,                0.57889,                0.97232,             0.00056678,             0.00056678,             0.00056678
                    203,                0.65231,                0.61895,                0.98473,                0.93625,                0.99479,                  0.995,                0.85836,                0.67033,                0.57889,                0.97232,             0.00056128,             0.00056128,             0.00056128
                    204,                0.61807,                0.71137,                  1.026,                0.94134,                0.99589,                  0.995,                0.86836,                0.64592,                0.58339,                 0.9551,             0.00055578,             0.00055578,             0.00055578
                    205,                0.55416,                0.58927,                0.94753,                0.94134,                0.99589,                  0.995,                0.86836,                0.64592,                0.58339,                 0.9551,             0.00055028,             0.00055028,             0.00055028
                    206,                0.57491,                0.57227,                0.96058,                 0.9475,                0.99695,                  0.995,                0.87773,                 0.6187,                0.59539,                0.95375,             0.00054478,             0.00054478,             0.00054478
                    207,                 0.5817,                0.61747,                0.97858,                 0.9475,                0.99695,                  0.995,                0.87773,                 0.6187,                0.59539,                0.95375,             0.00053927,             0.00053927,             0.00053927
                    208,                0.43995,                0.52853,                0.90663,                0.94917,                0.99364,                  0.995,                0.87113,                0.57826,                0.59086,                0.94612,             0.00053377,             0.00053377,             0.00053377
                    209,                0.51998,                0.53857,                0.90714,                0.94917,                0.99364,                  0.995,                0.87113,                0.57826,                0.59086,                0.94612,             0.00052827,             0.00052827,             0.00052827
                    210,                0.50944,                0.56923,                0.96061,                0.94531,                0.99264,                  0.995,                0.87036,                0.55292,                0.58377,                0.93941,             0.00052277,             0.00052277,             0.00052277
                    211,                0.49607,                0.53614,                0.88011,                0.94531,                0.99264,                  0.995,                0.87036,                0.55292,                0.58377,                0.93941,             0.00051727,             0.00051727,             0.00051727
                    212,                0.50606,                0.56062,                0.93192,                0.93624,                0.99157,                  0.995,                0.86035,                0.54984,                0.58265,                0.93779,             0.00051177,             0.00051177,             0.00051177
                    213,                0.50233,                0.58048,                0.92395,                0.93624,                0.99157,                  0.995,                0.86035,                0.54984,                0.58265,                0.93779,             0.00050627,             0.00050627,             0.00050627
                    214,                0.52118,                0.57474,                0.93506,                0.93497,                0.99068,                  0.995,                0.90032,                0.55848,                0.61751,                0.93992,             0.00050077,             0.00050077,             0.00050077
                    215,                0.48501,                0.53685,                0.94612,                0.93497,                0.99068,                  0.995,                0.90032,                0.55848,                0.61751,                0.93992,             0.00049527,             0.00049527,             0.00049527
                    216,                0.49604,                0.56191,                0.91736,                 0.9451,                 0.9915,                  0.995,                0.89312,                0.60241,                0.62519,                0.95518,             0.00048976,             0.00048976,             0.00048976
                    217,                0.43878,                0.57827,                0.91462,                 0.9451,                 0.9915,                  0.995,                0.89312,                0.60241,                0.62519,                0.95518,             0.00048426,             0.00048426,             0.00048426
